location,lat,lon,RMSE,MAE,R2,n_obs
Lat:37.32_Lon:-121.94,37.3163,-121.9356,0.05251998637627974,0.03441681904931546,-Inf,194
Lat:47.68_Lon:-122.3,47.6849,-122.2968,1.9131494068053845,0.8175842849755557,0.647901437119585,611
Lat:35.55_Lon:-97.41,35.5514,-97.4075,2.568083059245386,0.7295232392904559,0.7280796210665983,868
Lat:38.88_Lon:-104.82,38.876,-104.817,2.615639405080392,1.2829982484837112,0.43761193508601715,724
Lat:41.12_Lon:-95.94,41.1156,-95.9393,2.8385724954613045,0.8866988326041733,0.5835791934349497,1003
Lat:39.95_Lon:-74.9,39.9478,-74.9036,4.618324061463439,1.7563121769347705,0.8517635074192363,430
Lat:38.74_Lon:-90.34,38.7435,-90.341,4.860218071166066,1.9065958175899358,0.7016128239782551,767
Lat:33.94_Lon:-84.54,33.9382,-84.5403,4.92355804958271,1.1139424598899506,0.3495585058884805,784
Lat:43.07_Lon:-89.42,43.0696,-89.4239,7.859868165993693,3.8858514476599972,0.7459136013956253,247
Lat:39_Lon:-77.03,38.9982,-77.0338,11.253100305539895,4.09706789197823,0.6970931534892093,706
Lat:41.9_Lon:-87.86,41.90409,-87.86386,13.986018600367533,6.023267792914864,0.5850724349961794,454
Lat:31.51_Lon:-97.23,31.5051,-97.2311,17.205902161350565,7.350417054594022,0.8597900142920166,1381
Lat:39.55_Lon:-119.76,39.5473,-119.7556,22.24791775504336,9.704538026456715,0.6573847601592018,181
Lat:41.55_Lon:-73.06,41.5511,-73.0645,22.614024422613674,6.862674409063311,-0.2551598250077767,307
Lat:36.05_Lon:-95.88,36.0467,-95.8841,82.29588858384761,35.11318989830219,0.7217139017621921,297
