Round,num_leaves,min_data_in_leaf,feature_fraction,bagging_fraction,log10_lambda_l1,log10_lambda_l2,val_rmse,num_iterations,model
1,128,81,0.9750558555591851,0.9902528875973076,-1.252728813327849,-1.4613964650779963,0.4575767387593413,540,veg+meteo
2,233,36,0.9121193569852039,0.5789638238493353,0.7706933002918959,-0.15782819781452417,0.4523082606445175,459,veg+meteo
3,22,132,0.41676265627611425,0.9645606372505426,0.07440529484301805,-2.673595673404634,0.44720463401233596,1738,veg+meteo
4,182,56,0.3070327793247998,0.5180422584526241,-2.59142723120749,0.3809404131025076,0.47561319176748296,260,veg+meteo
5,85,98,0.5533999259816482,0.5246591222239658,-1.5672432277351618,-1.135607149451971,0.45521491174867107,382,veg+meteo
6,142,135,0.40960960674565283,0.835149334045127,-2.573936973698437,-1.4966825433075428,0.451963808169548,290,veg+meteo
7,176,53,0.9060876630246639,0.7901452066143975,-1.0161074483767152,-2.0172145254909992,0.45519899172177,415,veg+meteo
8,133,46,0.7000508597819134,0.7008632499491796,-2.827055293135345,-0.7027142513543367,0.4590791305476432,225,veg+meteo
9,53,11,0.8000893482472747,0.6177304818993434,-0.12006141059100628,-2.125118282623589,0.44920441494587343,810,veg+meteo
10,223,27,0.5880534426076337,0.6050551995867863,-2.4777097022160888,-0.40761169977486134,0.45591304823591106,78,veg+meteo
11,91,137,0.6306206961555341,0.7066976005369382,0.3404856450760647,-0.14523262530667003,0.45374284825647554,296,veg+meteo
12,137,199,0.3170106583180434,0.8247783743004435,-1.7660721708083489,-0.1197606846839614,0.44509387534565775,295,veg+meteo
13,14,182,0.42917434877388805,0.9679137300703808,-1.0313142929216355,-0.5008855044911171,0.45255269327884934,928,veg+meteo
14,255,200,0.6181847575928267,0.5762545096166979,-0.9520053194633382,-1.517421090734366,0.4536357155891782,424,veg+meteo
15,155,16,0.9372497202448347,0.8396081294633402,-2.516973033804587,0.08303365195356305,0.44859924933206063,954,veg+meteo
16,211,5,0.8354854731656052,0.6574856092920022,0.9068015031591936,-0.5838690259105754,0.4562954447468507,331,veg+meteo
17,79,38,0.9860284646688389,0.6626276546460188,-0.005000355145115876,0.5406307801609365,0.46156166327466264,225,veg+meteo
18,214,47,0.5835948537721733,0.8916242319415542,-0.07561633899266607,0.3597992162477066,0.4487774808045854,144,veg+meteo
19,98,127,0.8388817812155593,0.5410535329047352,-2.995493464171081,-2.847100342332575,0.45545905486219823,645,veg+meteo
20,8,199,0.9902610335613076,0.9999999999999998,0.9999999999999998,-2.9507350881906955,0.4472399453118346,1578,veg+meteo
21,147,193,0.3836602864943069,0.8774534133864641,0.34636633488322666,0.8771240287364908,0.44951804212410446,443,veg+meteo
22,244,80,0.6905096816417369,0.7416209914299658,-0.43739321707794376,0.3594557593049057,0.45342383465824376,191,veg+meteo
23,80,116,0.8718477607217439,0.892512076564061,0.9642396718265367,-2.8581973092893183,0.4505083146271992,538,veg+meteo
24,159,14,0.5854426019926333,0.9887176233656523,-2.1189660349241244,-2.4658059116191744,0.44299661365956344,726,veg+meteo
25,65,117,0.3189884046187876,0.9706259758291074,-0.254373136908435,-2.2608764774663035,0.45325591400440296,344,veg+meteo
26,53,7,0.511578083573832,0.9565206406529592,-2.1450602259639284,0.8905023761857089,0.44105124929341116,837,veg+meteo
27,15,192,0.6582113269438229,0.5429808897853279,-2.6426456170319335,0.6614879090338719,0.4513606173591919,952,veg+meteo
28,26,12,0.45695022585040845,0.9018776316116441,-1.6680985621989803,0.5866787031843774,0.4456925806810425,657,veg+meteo
29,76,148,0.31190403637611797,0.954509048609434,-1.5029498329385795,-2.0899076305598783,0.455897580398182,331,veg+meteo
30,122,63,0.5025677182905852,0.972571666491683,0.7725079032245219,-0.22608759909415932,0.4522707354070492,322,veg+meteo
31,85,127,0.3709788424745993,0.7141320203325804,-2.4653546844158223,-2.8084845614492733,0.45147720440032824,454,veg+meteo
32,108,6,0.7834351983172629,0.9999999999999998,-2.9401532971106517,-2.246678972191915,0.44839121347661864,721,veg+meteo
33,156,137,0.966974960149261,0.9150735462177101,-1.795951758462748,0.834336181658939,0.46138965916146785,251,veg+meteo
34,35,95,0.9816068143659036,0.7950233157423372,-1.25076254550305,-1.7647776772159878,0.45334071705318035,607,veg+meteo
35,189,200,0.4965682776989755,0.9908004061059229,0.9640976255753579,0.8987194188249594,0.4505820892291969,676,veg+meteo
36,201,57,0.3896475613686812,0.7265363359814598,-0.1764840263068166,0.3094628424145176,0.45399421303775733,146,veg+meteo
37,202,145,0.7027301610172905,0.9804095325559687,-0.0355177850073618,-2.784157124155447,0.45879005817166446,305,veg+meteo
38,37,26,0.4628162261117452,0.5002605622983443,-1.5914826188419802,-2.464474216916109,0.4490451704955817,769,veg+meteo
39,107,5,0.5819780305323257,0.7523464468698705,-1.774139981185837,0.9715413785953055,0.4450402951845145,579,veg+meteo
40,92,18,0.3362315339567599,0.9951688874213229,-1.9691516685618102,-1.057157524139179,0.44635585162948044,430,veg+meteo
