lat,lon,RMSE,MAE,R2,n_obs
37.3163,-121.9356,0.3104609370020608,0.3104609370020608,-Inf,173
38.876,-104.817,3.0731278759013083,1.7446175647146565,0.22543148151832848,722
47.6849,-122.2968,3.3284081993174306,1.5286834220054213,-0.06571147971082447,611
35.5514,-97.4075,3.89122863538581,1.293294098008468,0.3756945541825504,868
41.1156,-95.9393,4.145157599454625,1.6263951108480952,0.16946233231002417,932
33.9382,-84.5403,5.564883518292328,1.6045857102264662,0.1690741500985543,784
38.7435,-90.341,6.13953567564369,2.8096396074257153,0.5238544858756986,767
39.9478,-74.9036,7.6293117489836995,3.5325365417889394,0.5954641206171962,430
38.9982,-77.0338,13.640159947827714,5.348530575532049,0.5554813710948909,705
41.90409,-87.86386,16.90397093393412,7.84487703853969,0.3972572916652912,451
31.5051,-97.2311,25.90784533717385,12.199004412397832,0.6821028469866428,1381
43.0696,-89.4239,30.387886576199005,18.583753098073245,-1.919370595385554,135
39.5473,-119.7556,40.46574210975117,17.955906470901983,0.003848572289384844,154
41.5511,-73.0645,115.31004114879619,39.30132504686118,-31.63454563536115,307
36.0467,-95.8841,146.37017745302313,61.74322956061623,0.12676225474241087,294
