year,RMSE,MAE,R2,n_obs,Model,Offset_Days
2018,67.60907450952038,20.375554131326624,-7.483779247495358,1708,Persistence_30day,30
2019,166.32611480360393,29.983122531524582,-48.38723824614591,1617,Persistence_30day,30
2020,72.00410161611804,22.05947236784081,-10.151592574309419,1418,Persistence_30day,30
2021,249.26684707846078,120.04840660119308,-34.72676568806355,126,Persistence_30day,30
2022,144.00212424423037,40.63466092741433,-6.331708489167789,123,Persistence_30day,30
2018,31.745172251040497,9.801822211585955,-0.8663137356942825,2459,Persistence_14day,14
2019,62.495399219324156,13.65029633871317,-0.8726487995050787,2414,Persistence_14day,14
2020,38.53711768755423,11.389636028119929,-1.9057356905390388,2062,Persistence_14day,14
2021,110.04530052044609,51.16816895206712,-5.2873675439788554,295,Persistence_14day,14
2022,58.053894693216215,18.69820265394464,-0.4869437175911915,251,Persistence_14day,14
2018,14.240167782791401,4.037760200567001,0.6427192541583759,2519,Persistence_7day,7
2019,30.108645753487423,6.119509309009148,0.6343398868226529,2475,Persistence_7day,7
2020,15.945032171735644,4.69657043443557,0.5712925201530217,2114,Persistence_7day,7
2021,46.17939558943617,23.428593782667598,0.1612722603452018,301,Persistence_7day,7
2022,34.217933776754364,11.403773394414111,0.47238329513792854,220,Persistence_7day,7
