lat,lon,RMSE,MAE,R2,n_obs,Model,Offset_Days
31.5051,-97.2311,157.1613183094805,76.11294117352242,-10.583724710730053,751,Persistence_30day,30
33.9382,-84.5403,22.61144158166494,8.167695044111156,-10.512220293533737,466,Persistence_30day,30
35.5514,-97.4075,19.449222884757745,7.799999902624218,-14.381206695519472,431,Persistence_30day,30
36.0467,-95.8841,805.3529105045407,378.76297075985536,-59.087303662401354,72,Persistence_30day,30
37.3163,-121.9356,2.217456380531739,2.217456380531739,-Inf,3,Persistence_30day,30
38.7435,-90.341,29.91851542772836,13.86139266328738,-11.88851445447495,420,Persistence_30day,30
38.876,-104.817,12.71449820244134,6.80311342298487,-21.362584811556044,529,Persistence_30day,30
38.9982,-77.0338,76.7942547582381,30.25640024150516,-18.23669918279342,353,Persistence_30day,30
39.5473,-119.7556,51.81611480778695,20.44286867521132,-1.0138862822569772,32,Persistence_30day,30
39.9478,-74.9036,39.14178669429549,17.65561929464705,-2453.6002307963054,197,Persistence_30day,30
41.1156,-95.9393,16.383298360203895,6.840632286763447,-21.00418457404693,867,Persistence_30day,30
41.5511,-73.0645,27.787489335383775,10.763893603793646,-17.587736627541084,118,Persistence_30day,30
41.90409,-87.86386,73.90963198127085,35.709483764015054,-15.72366895984581,207,Persistence_30day,30
43.0696,-89.4239,50.55730322595273,22.921077992801603,-18.817231614674505,78,Persistence_30day,30
47.6849,-122.2968,8.934387464082713,5.2738336233849665,-18.71235112343512,468,Persistence_30day,30
31.5051,-97.2311,66.44725213077074,30.650433531643962,-1.0721296018776987,1267,Persistence_14day,14
33.9382,-84.5403,10.656289574693133,3.275079883059876,-2.8115278092842733,700,Persistence_14day,14
35.5514,-97.4075,9.850707696993554,3.617126783257791,-3.101881322401792,736,Persistence_14day,14
36.0467,-95.8841,290.2768389029238,140.26385584610077,-1.7088637884103215,130,Persistence_14day,14
37.3163,-121.9356,0.9138158775629908,0.9138158775629908,-Inf,103,Persistence_14day,14
38.7435,-90.341,17.145207213201626,7.491524059964882,-3.346949477716203,711,Persistence_14day,14
38.876,-104.817,6.908491035084208,3.3341600246058376,-3.6120256686157237,594,Persistence_14day,14
38.9982,-77.0338,43.47878256892882,16.537911198701725,-3.6097169444473716,562,Persistence_14day,14
39.5473,-119.7556,44.87096322733179,18.6485857608824,-0.17808576350684913,95,Persistence_14day,14
39.9478,-74.9036,19.77851559371371,8.4875758989948409,-4.095686972138074,367,Persistence_14day,14
41.1156,-95.9393,9.170422633841936,3.4317082639256706,-4.562405867863208,898,Persistence_14day,14
41.5511,-73.0645,25.73658387202766,8.40394380546887,-2.888555979919738,233,Persistence_14day,14
41.90409,-87.86386,40.45531870670625,19.19709019851044,-2.070553970820196,381,Persistence_14day,14
43.0696,-89.4239,31.094662816459326,15.809364883710073,-3.111022958415468,196,Persistence_14day,14
47.6849,-122.2968,4.554911528705862,2.5003011784978444,-2.176448851481542,508,Persistence_14day,14
31.5051,-97.2311,26.8150590329804,11.971314829777581,0.6676942081965993,1278,Persistence_7day,7
33.9382,-84.5403,7.015100606250032,1.804424274787206,-0.2661524414417018,721,Persistence_7day,7
35.5514,-97.4075,4.702387619234152,1.573920168567634,0.25979146090050254,660,Persistence_7day,7
36.0467,-95.8841,131.19512330739335,62.3231742682874,0.49756637063976294,152,Persistence_7day,7
37.3163,-121.9356,0.2517971583462544,0.2517971583462544,-Inf,97,Persistence_7day,7
38.7435,-90.341,7.889286740914495,3.243954462766966,0.14461889372312553,718,Persistence_7day,7
38.876,-104.817,2.937835162395075,1.2690720440239431,0.18620198085496564,617,Persistence_7day,7
38.9982,-77.0338,20.712355083274797,7.555105415279201,-0.00454082269671674,580,Persistence_7day,7
39.5473,-119.7556,17.127847846792534,7.313347367374455,0.8394846590788874,98,Persistence_7day,7
39.9478,-74.9036,7.610846748255387,3.0589427886585483,0.5151871920498847,387,Persistence_7day,7
41.1156,-95.9393,4.943852248595604,1.5855633976414871,-0.35242621100035665,913,Persistence_7day,7
41.5511,-73.0645,14.69829537921211,4.809382230693908,0.0570811111409496,257,Persistence_7day,7
41.90409,-87.86386,18.461094354218524,8.833910277470595,0.3292865524882963,403,Persistence_7day,7
43.0696,-89.4239,13.55260370729625,7.088400200989773,0.3106103277299439,212,Persistence_7day,7
47.6849,-122.2968,1.9461340726448844,0.9860667584610431,0.4890403285241852,536,Persistence_7day,7
